{
    "192.168.1.221": {
        "padding_info": {
            "top": 584,
            "bottom": 584,
            "left": 0,
            "right": 0
        },
        "defishParams": [
            145,
            128
        ],
        "ROIs": [
            [
                1335.6552604698666,
                1399.2630234933608,
                2144.2288049029617,
                787.0888661899896,
                0
            ]
        ]
    },
    "192.168.1.222": {
        "padding_info": {
            "top": 0,
            "bottom": 0,
            "left": 584,
            "right": 584
        },
        "defishParams": [
            145,
            128
        ],
        "ROIs": [
            [
                1330.654121863799,
                1606.599641577062,
                671.1971326164874,
                1621.7921146953404,
                0
            ],
            [
                1272.847670250896,
                1034.95806451613,
                786.8100358422937,
                555.5842293906808,
                0
            ]
        ]
    },
    "192.168.1.223": {
        "padding_info": {
            "top": 0,
            "bottom": 0,
            "left": 584,
            "right": 584
        },
        "defishParams": [
            145,
            128
        ],
        "ROIs": [
            [
                1351.5286738351253,
                1332.0189964157714,
                674.4086021505377,
                2170.9534050179213,
                0
            ]
        ]
    },
    "192.168.1.224": {
        "padding_info": {
            "top": 0,
            "bottom": 0,
            "left": 584,
            "right": 584
        },
        "defishParams": [
            145,
            128
        ],
        "ROIs": [
            [
                1760.991039426523,
                275.4455197132627,
                1249.2616487455196,
                32.11469534050184,
                1.472574891279985
            ],
            [
                1255.18458781362,
                1987.1587813620079,
                822.1362007168457,
                693.6774193548385,
                0
            ]
        ]
    },
    "192.168.1.225": {
        "padding_info": {
            "top": 584,
            "bottom": 584,
            "left": 0,
            "right": 0
        },
        "defishParams": [
            145,
            128
        ],
        "ROIs": [
            [
                1580.1496424923382,
                1386.188457609806,
                1702.3084780388149,
                760.9397344228803,
                0
            ],
            [
                526.339632277834,
                1233.2160367722167,
                515.1378958120531,
                800.1634320735445,
                0
            ]
        ]
    },
    "192.168.1.226": {
        "padding_info": {
            "top": 0,
            "bottom": 0,
            "left": 584,
            "right": 584
        },
        "defishParams": [
            145,
            128
        ],
        "ROIs": [
            [
                1308.173835125448,
                1031.7465949820798,
                703.3118279569892,
                1634.637992831541,
                0
            ]
        ]
    },
    "192.168.1.227": {
        "padding_info": {
            "top": 0,
            "bottom": 0,
            "left": 584,
            "right": 584
        },
        "defishParams": [
            145,
            128
        ],
        "ROIs": [
            [
                1292.1164874551969,
                291.5028673835136,
                947.3835125448029,
                70.65232974910396,
                -175.73498950622314
            ]
        ]
    },
    "192.168.1.228": {
        "padding_info": {
            "top": 0,
            "bottom": 0,
            "left": 584,
            "right": 584
        },
        "defishParams": [
            145,
            128
        ],
        "ROIs": [
            [
                1306.5681003584227,
                1789.6534050179218,
                725.7921146953404,
                1229.9928315412185,
                0
            ],
            [
                1454.295698924731,
                869.5673835125458,
                706.5232974910393,
                642.2939068100359,
                0
            ]
        ]
    }
}