{
    "192.168.1.222": {
        "resize_factor": 0.6,
        "padding_info": {
            "top": 0,
            "bottom": 0,
            "left": 584,
            "right": 584
        },
        "defishParams": [
            145,
            128
        ],
        "ROIs": [
            [
                1332.2598566308243,
                1593.7537634408611,
                648.7168458781362,
                1634.6379928315414,
                0
            ],
            [
                1312.991039426523,
                1593.753763440861,
                700.100358422939,
                1621.7921146953404,
                0
            ]
        ]
    },
    "192.168.1.221": {
        "resize_factor": 0.71,
        "padding_info": {
            "top": 584,
            "bottom": 584,
            "left": 0,
            "right": 0
        },
        "defishParams": [
            145,
            128
        ],
        "ROIs": [
            [
                1118.6174668028593,
                1365.2691521961185,
                1725.8426966292127,
                865.5362614913179,
                0
            ],
            [
                1880.864657814095,
                1460.7134831460676,
                1043.3503575076606,
                674.64759959142,
                0
            ]
        ]
    },
    "192.168.1.223": {
        "resize_factor": 0.6,
        "padding_info": {
            "top": 0,
            "bottom": 0,
            "left": 584,
            "right": 584
        },
        "defishParams": [
            145,
            128
        ],
        "ROIs": [
            [
                1354.7401433691757,
                1335.2304659498216,
                667.9856630824372,
                2190.222222222222,
                0
            ]
        ]
    },
    "192.168.1.224": {
        "resize_factor": 0.7,
        "padding_info": {
            "top": 0,
            "bottom": 0,
            "left": 584,
            "right": 584
        },
        "defishParams": [
            145,
            128
        ],
        "ROIs": [
            [
                1250.3673835125446,
                156.62114695340597,
                1152.9175627240145,
                51.383512544803125,
                -177.4481163863299
            ],
            [
                1219.858422939068,
                1982.3415770609324,
                899.2114695340499,
                722.5806451612902,
                0
            ]
        ]
    },
    "192.168.1.225": {
        "resize_factor": 0.72,
        "padding_info": {
            "top": 584,
            "bottom": 584,
            "left": 0,
            "right": 0
        },
        "defishParams": [
            145,
            128
        ],
        "ROIs": [
            [
                1344.8074565883549,
                1386.188457609806,
                2125.924412665985,
                844.61695607763,
                0
            ]
        ]
    },
    "192.168.1.226": {
        "resize_factor": 0.63,
        "padding_info": {
            "top": 0,
            "bottom": 0,
            "left": 584,
            "right": 584
        },
        "defishParams": [
            145,
            128
        ],
        "ROIs": [
            [
                1724.0591397849462,
                243.33082437276084,
                1515.8136200716847,
                25.691756272401562,
                0.9710219310791713
            ]
        ]
    },
    "192.168.1.227": {
        "resize_factor": 0.63,
        "padding_info": {
            "top": 0,
            "bottom": 0,
            "left": 584,
            "right": 584
        },
        "defishParams": [
            145,
            128
        ],
        "ROIs": [
            [
                1266.4247311827955,
                273.8397849462374,
                536.31541218638,
                48.172043010752986,
                5.132554439872999
            ]
        ]
    },
    "192.168.1.228": {
        "resize_factor": 0.72,
        "padding_info": {
            "top": 0,
            "bottom": 0,
            "left": 584,
            "right": 584
        },
        "defishParams": [
            145,
            128
        ],
        "ROIs": [
            [
                1316.2025089605731,
                1765.5673835125456,
                725.7921146953402,
                1284.5878136200713,
                0
            ],
            [
                1426.9982078853045,
                871.1731182795706,
                793.232974910394,
                619.8136200716845,
                0
            ]
        ]
    }
}