{
    "192.168.1.221": {
        "resize_factor": 0.71,
        "padding_info": {
            "top": 584,
            "bottom": 584,
            "left": 0,
            "right": 0
        },
        "defishParams": [
            145,
            128
        ],
        "ROIs": [
            [
                1097.698161389172,
                1349.579673135853,
                1704.9233912155255,
                907.3748723186923,
                0
            ],
            [
                1926.6256384065364,
                1468.5582226762003,
                977.9775280898875,
                648.4984678243106,
                0
            ]
        ]
    },
    "192.168.1.222": {
        "resize_factor": 0.6,
        "padding_info": {
            "top": 0,
            "bottom": 0,
            "left": 584,
            "right": 584
        },
        "defishParams": [
            145,
            128
        ],
        "ROIs": [
            [
                1312.9910394265232,
                1587.3308243727606,
                687.2544802867383,
                1628.2150537634407,
                0
            ],
            [
                1269.636200716846,
                1039.7752688172052,
                773.9641577060931,
                539.5268817204301,
                0
            ]
        ]
    },
    "192.168.1.223": {
        "resize_factor": 0.6,
        "padding_info": {
            "top": 0,
            "bottom": 0,
            "left": 584,
            "right": 584
        },
        "defishParams": [
            145,
            128
        ],
        "ROIs": [
            [
                1341.8942652329747,
                1330.4132616487464,
                706.5232974910393,
                2135.627240143369,
                0
            ]
        ]
    },
    "192.168.1.224": {
        "resize_factor": 1,
        "padding_info": {
            "top": 0,
            "bottom": 0,
            "left": 584,
            "right": 584
        },
        "defishParams": [
            145,
            128
        ],
        "ROIs": [
            [
                1460.7186379928314,
                909.7107526881728,
                745.0609318996417,
                1474.0645161290322,
                0
            ],
            [
                1264.8189964157705,
                1977.5243727598574,
                847.8279569892472,
                655.1397849462369,
                0
            ],
            [
                1414.1523297491037,
                1457.2663082437284,
                594.1218637992829,
                1207.5125448028675,
                0
            ]
        ]
    },
    "192.168.1.225": {
        "resize_factor": 0.72,
        "padding_info": {
            "top": 584,
            "bottom": 584,
            "left": 0,
            "right": 0
        },
        "defishParams": [
            145,
            128
        ],
        "ROIs": [
            [
                1614.1435137895805,
                1411.0301327885597,
                1602.9417773237992,
                800.1634320735443,
                0
            ],
            [
                936.8810010214497,
                1303.8186925434115,
                1304.8416751787536,
                669.4177732379978,
                0
            ]
        ]
    },
    "192.168.1.226": {
        "resize_factor": 0.63,
        "padding_info": {
            "top": 0,
            "bottom": 0,
            "left": 584,
            "right": 584
        },
        "defishParams": [
            145,
            128
        ],
        "ROIs": [
            [
                1459.1129032258063,
                238.5136200716854,
                992.3440860215053,
                16.057347670250692,
                0.9270352697721765
            ]
        ]
    },
    "192.168.1.227": {
        "resize_factor": 0.63,
        "padding_info": {
            "top": 0,
            "bottom": 0,
            "left": 584,
            "right": 584
        },
        "defishParams": [
            145,
            128
        ],
        "ROIs": [
            [
                1608.4462365591396,
                299.53154121863895,
                1104.7455197132617,
                93.13261648745492,
                4.818773527945191
            ],
            [
                653.0340501792114,
                246.54229390681098,
                536.31541218638,
                44.96057347670239,
                -175.20796595306808
            ],
            [
                1539.3996415770607,
                278.6569892473126,
                1101.5340501792114,
                83.49820788530451,
                4.334830487909003
            ]
        ]
    },
    "192.168.1.228": {
        "resize_factor": 0.72,
        "padding_info": {
            "top": 0,
            "bottom": 0,
            "left": 584,
            "right": 584
        },
        "defishParams": [
            145,
            128
        ],
        "ROIs": [
            [
                1304.9623655913979,
                1804.1050179211477,
                703.3118279569892,
                1207.512544802867,
                0
            ],
            [
                1457.507168458781,
                856.721505376345,
                706.5232974910393,
                687.2544802867383,
                0
            ],
            [
                1393.2777777777778,
                1291.8756272401442,
                584.4874551971327,
                1390.5663082437277,
                0
            ]
        ]
    }
}